CO2,Temperature,Humidity,AirQuality,FanSpeed
774.29,36.72,79.57,6.5,High
756.29,38.91,58.12,3.59,High
496.26,24.8,70.64,3.68,Low
560.69,31.13,89.12,1.85,Medium
632.74,28.38,79.23,4.97,Medium
808.91,38.68,84.98,3.31,High
612.86,29.05,66.18,4.81,Medium
493.43,29.46,47.74,2.91,Low
730.21,37.16,75.38,3.42,High
648.1,30.08,87.46,3.32,Medium
613.96,31.8,73.91,2.47,Medium
716.52,34.44,51.76,3.91,Medium
729.49,38.12,59.58,3.42,High
710.31,30.74,74.53,5.49,Medium
609.82,35.22,86.12,1.31,Medium
618.57,29.92,68.16,3.53,Medium
566.09,34.57,73.74,1.22,Medium
746.76,39.22,64.3,3.73,High
647.46,34.61,81.65,2.28,Medium
682.41,33.35,69.57,1.93,Medium
726.02,30.98,87.95,5.6,High
609.65,35.38,62.2,2.24,Medium
662.3,36.49,94.25,2.57,Medium
790.06,34.24,92.06,3.9,High
687.47,36.85,55.83,1.76,Medium
784.03,37.17,93.31,4.04,High
586.92,31.9,35.0,2.16,Medium
824.28,41.52,81.43,3.06,High
713.68,34.14,87.25,2.54,Medium
507.01,30.54,71.62,0.5,Low
478.03,26.76,38.8,2.65,Low
484.27,27.85,81.12,1.51,Low
745.89,36.36,53.3,4.11,High
553.65,27.09,79.7,3.59,Medium
658.17,34.12,69.75,3.02,Medium
631.55,34.29,74.91,2.46,Medium
571.46,32.13,74.62,1.43,Medium
744.28,34.91,77.57,4.46,High
604.09,32.03,67.66,2.71,Medium
747.45,38.88,67.18,3.42,High
706.96,37.12,56.27,4.0,Medium
764.31,35.48,73.02,3.97,High
840.87,38.13,90.07,3.46,High
684.12,31.77,71.76,4.25,Medium
695.22,37.15,76.18,1.47,Medium
567.28,31.0,77.11,1.88,Medium
791.59,39.98,98.0,3.31,High
604.07,29.39,89.87,3.91,Medium
603.29,33.72,81.55,1.35,Medium
671.1,29.01,73.41,5.07,Medium
669.35,34.09,82.33,3.24,Medium
750.66,39.94,61.52,2.98,High
684.57,33.7,72.99,3.66,Medium
512.3,26.61,62.45,3.52,Low
537.74,26.88,98.0,1.69,Low
563.06,30.99,68.65,4.13,Medium
719.52,37.63,62.23,3.29,Medium
559.07,31.68,89.13,1.35,Medium
498.4,24.66,76.03,2.46,Low
592.61,31.41,70.29,2.88,Medium
837.4,38.5,83.95,3.68,High
750.78,39.15,64.85,1.65,Medium
753.26,36.65,93.6,2.95,High
900.0,48.0,94.74,3.2,High
697.41,36.07,65.72,2.48,Medium
620.5,28.59,83.33,3.15,Medium
684.9,33.84,44.42,3.89,Medium
675.15,35.43,85.42,2.24,Medium
702.24,35.81,71.39,4.31,Medium
740.38,41.21,66.06,2.85,High
723.62,34.87,58.31,3.93,Medium
643.4,29.69,74.4,4.86,Medium
760.45,34.36,58.06,4.62,High
591.7,27.6,69.81,3.73,Medium
663.71,31.05,71.92,3.3,Medium
648.19,30.89,44.01,4.84,Medium
686.06,32.66,74.53,3.79,Medium
603.93,34.98,85.61,1.17,Medium
574.91,29.72,73.12,3.13,Medium
618.47,31.04,71.88,2.99,Medium
762.3,40.36,66.39,2.9,High
596.08,33.64,55.17,0.5,Medium
706.06,36.31,73.84,1.95,Medium
764.55,39.02,87.09,3.05,High
703.14,35.62,64.08,2.56,Medium
719.8,35.86,81.96,4.37,High
688.56,31.14,69.88,3.58,Medium
712.25,33.81,65.04,3.62,Medium
720.82,39.27,48.2,3.03,Medium
698.43,37.96,70.13,2.75,Medium
521.69,23.38,98.0,3.6,Low
687.56,38.78,94.13,2.24,Medium
589.96,30.69,69.06,3.62,Medium
691.31,31.57,61.14,5.61,Medium
607.92,36.3,62.22,1.71,Medium
825.72,42.14,68.77,3.05,High
789.01,39.75,68.8,3.49,High
527.45,31.35,68.63,2.68,Low
518.74,28.02,49.38,3.08,Low
817.88,41.9,57.82,4.63,High
825.45,34.57,76.32,3.92,High
799.91,41.38,48.57,3.91,High
593.29,28.89,75.3,2.51,Medium
811.42,40.33,93.74,4.22,High
575.96,25.73,66.75,4.43,Medium
553.82,32.77,58.19,1.95,Medium
589.69,35.69,69.06,2.2,Medium
663.71,36.24,74.9,1.93,Medium
637.42,32.77,79.73,2.93,Medium
729.83,34.93,63.93,3.97,Medium
721.51,35.3,65.64,5.57,High
567.1,32.19,63.55,1.58,Medium
449.84,28.21,78.67,2.1,Low
679.54,35.34,44.03,3.75,Medium
734.58,38.58,85.39,2.62,High
669.84,32.65,83.19,3.17,Medium
503.46,32.88,59.13,0.66,Low
563.54,26.08,61.95,3.83,Medium
657.68,30.74,65.94,2.72,Medium
618.63,35.79,73.06,2.24,Medium
768.57,39.33,66.33,4.08,High
832.8,40.84,46.44,3.79,High
570.51,36.0,83.02,1.59,Medium
603.14,29.37,79.26,3.7,Medium
589.03,34.93,64.8,2.1,Medium
626.46,31.9,68.48,4.26,Medium
889.3,45.35,72.8,4.61,High
694.29,37.35,63.53,3.5,Medium
724.87,35.67,86.65,2.18,Medium
732.5,38.69,96.72,3.41,High
662.67,35.89,62.54,2.63,Medium
548.45,31.35,77.55,2.58,Medium
666.54,27.76,53.62,4.57,Medium
658.57,32.59,85.91,3.29,Medium
483.55,29.48,57.44,1.9,Low
675.27,38.66,63.27,2.26,Medium
850.3,37.96,86.37,5.97,High
824.49,37.79,88.22,3.51,High
677.8,34.55,77.67,3.41,Medium
676.94,33.82,73.0,3.3,Medium
518.43,26.61,69.76,2.25,Low
511.28,30.73,61.99,1.67,Low
546.57,25.45,68.63,2.62,Low
694.33,37.31,70.02,2.42,Medium
715.72,39.85,70.58,3.45,High
621.34,33.52,48.59,3.99,Medium
605.73,33.07,65.72,3.07,Medium
625.28,28.0,63.56,5.06,Medium
868.63,45.49,69.08,3.14,High
733.05,36.98,78.89,4.1,High
504.7,26.48,77.88,2.45,Low
679.4,28.04,84.76,4.67,Medium
471.63,22.0,84.32,2.23,Low
529.24,25.21,68.4,2.82,Low
762.97,38.36,66.91,2.66,High
631.63,30.5,69.28,3.75,Medium
697.6,32.99,78.17,4.22,Medium
496.61,27.74,63.19,1.69,Low
685.11,31.6,82.03,4.18,Medium
613.45,37.41,71.66,0.5,Medium
543.2,31.45,58.87,0.62,Low
893.13,42.85,69.71,3.72,High
779.95,37.48,98.0,4.24,High
810.87,43.24,79.54,2.16,High
575.45,32.06,50.39,2.85,Medium
482.44,22.0,82.93,3.84,Low
734.99,38.06,75.48,3.95,High
729.56,36.22,68.63,3.9,High
805.11,40.53,72.13,3.97,High
591.29,32.91,71.67,2.83,Medium
687.58,41.66,79.53,1.64,Medium
846.2,39.6,66.31,4.0,High
426.38,24.41,69.52,2.57,Low
764.28,34.13,77.61,5.97,High
629.92,30.77,53.56,2.75,Medium
700.34,36.01,59.35,4.48,Medium
496.4,26.4,87.96,1.76,Low
797.02,37.87,71.28,3.43,High
643.57,34.48,62.79,3.6,Medium
760.69,42.76,91.78,1.4,High
778.33,41.62,92.05,1.76,High
780.04,40.23,68.89,2.4,High
597.51,34.92,85.52,1.68,Medium
554.48,25.86,96.5,3.68,Medium
677.62,36.46,58.64,1.94,Medium
665.32,32.39,56.04,4.98,Medium
557.65,28.99,38.32,3.5,Medium
772.68,31.99,69.94,4.96,High
739.36,37.25,75.5,3.94,High
490.34,26.97,85.01,2.96,Low
656.78,33.77,86.64,2.99,Medium
641.96,32.59,72.25,2.78,Medium
618.52,34.07,74.19,1.94,Medium
618.19,28.29,89.73,3.76,Medium
767.41,37.26,83.63,2.68,High
706.87,34.6,67.81,4.13,Medium
654.93,34.38,69.23,1.45,Medium
716.16,36.58,53.77,2.84,Medium
579.44,28.37,70.99,3.19,Medium
693.32,34.46,91.51,3.04,Medium
608.57,32.54,58.7,2.63,Medium
697.23,34.24,51.27,2.86,Medium
718.41,32.45,97.21,4.85,High
625.19,31.84,61.56,3.2,Medium
900.0,41.75,57.13,5.39,High
586.78,32.65,80.05,2.5,Medium
615.61,36.06,98.0,2.03,Medium
664.04,31.77,69.81,3.31,Medium
844.31,36.69,98.0,4.14,High
603.67,31.77,74.19,3.14,Medium
761.53,40.78,57.44,2.53,High
727.96,40.54,89.88,3.26,High
521.76,26.38,60.05,3.49,Low
649.69,31.39,90.34,3.13,Medium
724.28,34.3,68.16,4.18,Medium
542.36,29.51,87.84,3.12,Medium
681.45,30.44,88.86,3.73,Medium
667.76,36.02,51.77,4.26,Medium
619.62,37.73,57.35,1.9,Medium
477.12,23.59,70.28,2.8,Low
844.96,34.59,60.32,6.5,High
892.68,39.15,82.4,5.49,High
505.71,24.55,66.95,3.32,Low
573.08,25.18,89.94,3.38,Medium
598.38,33.16,68.64,0.8,Medium
674.16,37.24,72.78,2.29,Medium
611.12,22.0,64.17,5.99,Medium
716.83,35.55,56.79,4.42,Medium
667.32,34.96,70.61,1.46,Medium
666.8,29.7,78.68,4.32,Medium
497.71,31.64,84.34,0.72,Low
463.25,28.99,76.57,2.11,Low
570.06,29.22,67.15,5.18,Medium
424.96,22.94,71.54,1.92,Low
569.57,28.71,80.41,3.78,Medium
747.29,43.26,50.31,2.08,High
640.52,35.08,54.19,4.11,Medium
714.4,37.55,80.39,1.98,Medium
858.65,35.07,64.18,5.53,High
625.41,30.61,91.38,2.79,Medium
849.54,41.62,63.59,2.85,High
464.99,27.11,72.64,2.1,Low
624.39,31.12,70.93,3.06,Medium
649.89,34.15,72.28,3.55,Medium
831.21,40.39,72.37,3.9,High
644.9,33.63,96.88,3.89,Medium
608.3,28.08,76.0,3.85,Medium
714.14,32.5,66.43,4.58,Medium
566.11,29.96,76.97,2.57,Medium
661.53,33.24,48.13,4.1,Medium
659.08,41.39,67.82,1.54,Medium
504.68,23.79,81.81,3.89,Low
586.83,25.7,89.43,3.41,Medium
802.27,40.91,70.85,3.78,High
759.69,33.43,87.61,3.44,High
900.0,44.46,78.32,5.13,High
636.2,37.76,96.1,2.22,Medium
702.98,37.04,61.76,3.0,Medium
647.28,34.66,58.05,2.98,Medium
614.58,32.83,77.12,3.45,Medium
628.71,29.11,67.46,5.14,Medium
650.3,32.9,79.65,4.22,Medium
639.37,35.31,46.02,1.97,Medium
697.11,42.16,70.55,1.15,Medium
578.52,32.56,77.09,3.36,Medium
746.65,37.29,57.82,3.82,High
629.6,34.14,85.99,2.79,Medium
628.7,29.8,80.81,2.09,Medium
797.03,41.65,61.0,3.73,High
604.42,31.0,65.66,2.1,Medium
649.43,33.96,64.83,3.18,Medium
696.25,39.71,74.61,0.5,Medium
686.77,35.84,81.06,3.15,Medium
572.91,27.7,76.3,3.05,Medium
751.25,36.85,59.53,2.84,Medium
740.06,36.71,65.04,4.28,High
633.76,29.58,71.74,3.69,Medium
724.26,40.78,61.61,1.83,Medium
730.46,35.79,67.46,3.89,Medium
639.5,37.05,81.88,2.0,Medium
545.76,29.75,67.23,2.97,Medium
642.22,37.41,61.65,1.15,Medium
827.63,38.26,93.17,3.99,High
786.95,32.96,77.05,5.2,High
750.96,39.68,62.99,3.9,High
807.04,34.75,74.48,4.22,High
580.9,29.86,74.38,3.67,Medium
525.06,28.7,72.28,2.41,Low
584.21,28.61,70.09,2.51,Medium
704.13,32.79,48.95,4.59,Medium
557.56,26.37,76.9,3.3,Medium
683.05,33.8,67.85,3.86,Medium
858.92,43.55,64.83,4.31,High
699.97,33.44,64.45,4.2,Medium
523.14,33.46,73.55,1.45,Low
624.91,31.35,56.45,3.99,Medium
691.91,31.49,52.46,4.89,Medium
830.81,39.29,69.12,4.49,High
650.05,37.84,80.26,2.26,Medium
527.35,30.43,85.13,2.49,Low
574.76,28.35,95.04,1.75,Medium
799.06,35.92,80.62,5.21,High
624.97,25.97,94.45,5.49,Medium
645.62,32.76,67.26,2.94,Medium
581.21,33.63,66.42,3.13,Medium
565.85,35.22,71.33,1.32,Medium
849.3,38.88,73.93,4.22,High
714.01,35.18,51.0,4.88,Medium
772.82,36.2,98.0,4.21,High
651.69,28.96,78.71,3.95,Medium
821.86,39.19,41.28,4.18,High
802.23,37.19,73.83,3.74,High
707.96,31.92,86.93,3.65,Medium
894.17,42.77,96.7,3.23,High
583.2,31.43,88.1,2.3,Medium
679.97,36.52,98.0,2.38,Medium
550.77,30.42,84.53,1.05,Low
798.83,38.29,79.04,3.99,High
545.39,31.3,76.77,2.35,Medium
847.36,38.77,62.66,4.21,High
467.52,24.06,83.05,2.68,Low
722.7,36.61,92.73,3.08,Medium
722.47,37.74,69.73,2.76,Medium
598.32,34.28,72.88,2.69,Medium
590.68,32.76,71.52,2.92,Medium
771.83,31.04,81.05,6.5,High
682.43,35.22,77.68,3.77,Medium
573.18,26.89,84.12,4.19,Medium
686.0,33.52,70.44,4.96,Medium
796.25,36.37,77.9,3.88,High
572.93,26.96,86.43,4.38,Medium
877.83,39.49,82.63,5.26,High
445.87,27.26,81.6,1.98,Low
730.04,39.47,83.09,2.65,High
627.87,36.48,90.19,2.42,Medium
756.93,37.41,58.15,4.16,High
548.39,27.6,80.74,3.37,Medium
676.91,32.98,75.92,2.55,Medium
401.45,27.1,68.0,0.8,Low
688.62,33.67,76.2,3.84,Medium
696.87,35.56,77.45,4.87,Medium
733.94,31.75,84.95,5.12,High
600.6,33.61,73.35,2.83,Medium
900.0,44.95,57.1,3.83,High
835.36,39.9,67.25,3.1,High
888.39,44.3,79.0,4.4,High
866.47,39.84,60.59,5.35,High
769.83,40.39,76.81,3.58,High
628.14,34.49,71.07,3.58,Medium
572.26,31.18,73.27,2.75,Medium
606.34,29.71,90.1,2.79,Medium
507.7,29.09,87.77,1.95,Low
896.19,37.24,67.19,6.5,High
682.52,30.77,76.5,4.27,Medium
604.64,31.53,98.0,4.33,Medium
678.19,34.34,77.48,3.22,Medium
649.1,29.86,63.31,4.41,Medium
579.1,37.23,58.42,1.44,Medium
709.65,39.79,59.79,1.94,Medium
693.94,35.3,69.75,2.94,Medium
759.25,38.86,61.09,3.15,High
792.89,35.69,74.61,3.63,High
805.32,41.75,84.53,2.54,High
604.6,33.69,76.01,2.15,Medium
801.28,38.82,85.29,5.02,High
612.61,31.0,79.98,3.44,Medium
656.17,38.86,74.53,1.42,Medium
471.75,27.77,76.16,1.63,Low
827.02,38.75,72.42,4.22,High
590.22,30.81,56.48,1.93,Medium
617.01,30.23,83.09,3.74,Medium
781.28,37.03,68.86,4.4,High
722.97,35.14,68.13,3.39,Medium
732.54,35.71,71.19,3.37,Medium
836.51,41.9,83.64,3.2,High
584.48,30.37,75.1,2.86,Medium
886.49,48.0,60.46,1.66,High
862.12,41.82,55.32,3.43,High
582.93,32.46,94.52,2.58,Medium
682.92,34.98,83.66,2.83,Medium
601.16,30.69,79.4,2.73,Medium
826.94,37.91,72.2,4.91,High
679.83,35.36,69.92,2.73,Medium
749.28,44.72,61.55,1.81,High
809.91,45.57,56.56,2.79,High
547.97,30.5,75.11,3.13,Medium
828.33,38.63,82.12,3.86,High
561.08,28.69,92.98,3.97,Medium
709.2,35.04,82.41,4.94,High
630.53,37.11,62.35,2.64,Medium
862.68,37.57,84.23,4.96,High
664.38,34.86,66.03,2.73,Medium
719.19,35.63,59.0,4.44,Medium
684.59,35.29,63.89,2.82,Medium
738.87,38.15,61.24,2.28,Medium
549.76,29.8,71.67,2.65,Medium
692.3,37.11,62.16,4.74,Medium
426.33,23.66,74.35,1.71,Low
729.39,34.92,84.39,2.33,Medium
645.32,37.2,60.54,1.77,Medium
458.13,31.28,94.46,0.5,Low
746.73,37.79,77.13,3.24,High
583.52,31.12,35.0,3.26,Medium
520.35,25.69,49.01,2.13,Low
770.76,36.41,66.46,3.73,High
769.35,36.97,73.64,3.58,High
619.38,31.21,39.11,3.07,Medium
719.07,36.06,66.95,3.21,Medium
570.75,32.07,77.15,2.2,Medium
658.16,29.68,84.42,4.63,Medium
705.13,36.5,91.67,3.3,Medium
774.27,39.37,46.27,2.37,High
504.14,27.32,70.92,2.45,Low
703.17,32.74,74.2,3.98,Medium
754.07,38.45,62.65,3.62,High
608.72,35.06,86.39,2.26,Medium
601.74,31.38,60.25,2.82,Medium
699.29,28.98,84.39,5.0,Medium
699.97,34.5,58.69,2.94,Medium
550.01,29.3,79.62,2.93,Medium
597.85,29.46,67.84,3.93,Medium
659.39,39.52,70.82,0.78,Medium
642.88,35.02,66.8,2.32,Medium
532.69,24.65,51.69,4.19,Low
714.67,37.59,64.42,3.0,Medium
583.18,34.06,59.87,1.24,Medium
492.15,31.41,98.0,0.56,Low
603.41,33.07,35.0,3.04,Medium
518.5,27.55,98.0,2.01,Low
759.54,39.82,57.8,2.42,High
553.4,24.24,54.69,3.73,Low
624.5,36.6,71.8,2.02,Medium
698.05,33.9,64.51,4.59,Medium
676.29,33.46,81.79,2.53,Medium
711.25,34.35,74.5,3.97,Medium
628.38,35.21,98.0,2.32,Medium
533.83,28.65,83.94,2.99,Low
632.27,34.49,66.24,1.92,Medium
540.74,31.35,93.0,0.76,Low
758.42,34.65,98.0,3.97,High
542.74,25.94,77.38,2.99,Low
697.23,35.63,75.82,2.86,Medium
579.44,34.64,79.72,1.0,Medium
585.62,28.47,67.41,4.39,Medium
633.03,30.02,78.09,3.7,Medium
779.03,37.16,58.79,3.14,High
681.38,31.87,85.39,3.56,Medium
522.58,34.07,49.99,1.35,Low
567.28,34.53,71.7,1.63,Medium
627.66,32.14,60.01,2.58,Medium
622.06,35.24,81.01,2.48,Medium
530.4,30.35,82.14,2.53,Low
800.21,43.16,73.77,2.45,High
607.78,29.9,50.61,4.51,Medium
828.2,42.83,75.04,2.98,High
670.29,28.94,67.65,5.15,Medium
831.75,43.23,75.64,2.63,High
813.99,39.46,79.11,3.92,High
630.88,30.16,69.28,4.87,Medium
550.16,26.33,77.93,1.91,Low
406.87,22.0,84.95,2.49,Low
804.11,46.32,78.44,2.05,High
697.96,31.78,72.27,4.58,Medium
827.36,40.65,75.71,2.5,High
447.56,29.51,77.98,1.08,Low
582.02,33.19,86.41,1.83,Medium
701.65,33.04,73.96,4.05,Medium
704.93,34.58,75.49,3.59,Medium
499.11,24.98,86.15,3.76,Low
577.18,28.82,76.96,3.48,Medium
727.87,36.57,68.74,1.88,Medium
639.13,30.49,81.46,3.92,Medium
670.73,31.22,56.02,4.2,Medium
787.33,36.57,69.45,4.87,High
563.7,29.87,64.03,3.78,Medium
654.17,32.9,63.66,1.9,Medium
627.22,28.87,81.72,4.06,Medium
541.78,23.01,70.62,4.3,Low
790.4,43.38,59.61,2.99,High
658.45,35.67,83.75,3.27,Medium
595.69,33.72,51.68,1.89,Medium
660.28,32.04,81.52,4.39,Medium
637.7,31.67,74.57,2.32,Medium
472.98,25.43,54.49,2.14,Low
469.73,27.94,70.08,2.14,Low
655.71,32.49,71.5,3.38,Medium
622.97,33.42,86.02,2.6,Medium
801.02,37.14,79.8,4.18,High
789.37,43.48,79.33,1.75,High
648.24,33.05,87.71,2.88,Medium
603.59,31.41,64.69,2.12,Medium
646.17,29.11,98.0,3.44,Medium
724.01,36.47,70.21,3.42,Medium
544.44,26.92,84.97,3.63,Medium
638.43,29.18,98.0,3.86,Medium
765.78,32.68,59.15,5.53,High
554.8,27.48,77.2,2.62,Low
864.26,41.76,72.74,3.83,High
561.14,33.12,57.63,2.47,Medium
517.27,31.55,55.95,2.5,Low
730.77,37.61,77.25,3.98,High
789.17,41.27,70.72,3.41,High
509.17,31.65,74.4,1.53,Low
733.49,35.1,98.0,3.61,High
506.89,27.62,80.73,2.13,Low
659.84,37.21,71.29,2.25,Medium
583.04,27.89,56.67,3.59,Medium
647.98,31.37,64.13,3.14,Medium
718.41,35.71,44.24,4.27,Medium
640.89,27.24,80.81,5.01,Medium
563.42,30.46,77.45,2.72,Medium
684.52,39.03,56.79,1.77,Medium
632.07,33.26,67.62,3.86,Medium
646.43,31.19,74.57,2.98,Medium
616.49,28.97,72.84,3.19,Medium
562.61,29.71,92.96,1.9,Medium
820.27,37.43,80.24,4.06,High
900.0,47.6,57.65,3.21,High
647.3,33.76,83.21,3.53,Medium
725.14,34.34,71.68,4.76,High
645.57,33.91,64.9,2.78,Medium
701.22,32.73,59.01,4.18,Medium
535.76,26.42,82.54,3.76,Low
654.14,29.89,74.09,4.0,Medium
490.82,23.8,82.6,2.03,Low
506.2,33.22,69.35,1.04,Low
538.85,30.16,75.73,2.88,Medium
750.79,39.27,79.06,1.71,High
555.92,25.54,78.3,3.54,Low
598.73,32.36,72.68,1.89,Medium
730.9,35.97,91.4,3.58,High
772.29,35.81,65.92,4.84,High
781.75,43.41,83.95,3.3,High
774.72,44.67,61.78,2.67,High
751.42,34.83,74.08,3.45,High
891.89,41.51,69.83,3.46,High
673.17,35.16,54.8,3.47,Medium
785.2,38.11,65.58,2.84,High
772.78,34.98,69.09,4.62,High
705.8,35.83,65.13,3.54,Medium
608.03,29.77,79.15,2.71,Medium
491.02,26.82,79.92,2.64,Low
539.14,23.87,93.81,3.22,Low
573.43,28.59,49.11,3.15,Medium
487.74,28.16,71.25,2.06,Low
562.64,33.5,67.54,2.98,Medium
725.47,32.81,62.68,3.83,Medium
900.0,41.27,77.75,5.16,High
594.47,31.61,35.0,2.67,Medium
458.14,29.05,75.93,1.84,Low
667.84,33.83,98.0,2.94,Medium
687.35,40.83,72.19,1.61,Medium
739.95,37.08,54.5,3.05,Medium
701.75,32.45,87.25,4.21,Medium
836.81,42.98,49.27,3.98,High
697.11,35.25,80.29,2.36,Medium
653.5,30.13,60.5,4.62,Medium
604.5,31.8,62.44,2.62,Medium
673.9,31.7,80.48,3.2,Medium
622.72,32.93,69.08,2.75,Medium
609.49,35.93,77.73,2.44,Medium
716.91,36.86,62.32,3.02,Medium
612.8,33.83,64.04,2.92,Medium
647.87,35.28,58.3,2.81,Medium
555.54,28.88,60.03,1.97,Low
735.41,33.55,55.14,3.99,Medium
502.4,30.11,67.81,0.94,Low
806.62,33.9,78.97,5.5,High
701.8,35.22,72.04,3.68,Medium
632.99,30.62,69.43,3.61,Medium
575.17,35.48,60.99,1.31,Medium
734.01,36.93,93.23,3.23,High
713.72,38.17,67.98,2.31,Medium
682.51,35.62,63.87,4.15,Medium
598.23,33.2,81.87,1.63,Medium
725.53,35.89,68.28,3.45,Medium
526.67,25.96,70.05,3.4,Low
704.32,32.62,87.56,4.43,Medium
761.77,40.19,63.46,3.28,High
558.46,31.44,86.04,2.21,Medium
705.41,34.48,72.74,3.71,Medium
504.76,26.94,77.51,1.77,Low
598.63,29.53,83.64,2.57,Medium
736.42,36.15,47.62,3.88,Medium
831.71,40.28,51.44,4.25,High
715.29,33.29,91.52,4.15,Medium
643.78,32.08,65.07,4.26,Medium
584.01,30.05,73.47,4.01,Medium
515.87,27.36,74.92,3.17,Low
814.12,38.14,68.35,5.6,High
657.22,32.33,56.09,3.32,Medium
716.48,31.9,70.72,4.29,Medium
759.24,41.52,65.44,1.78,High
560.07,29.25,78.65,3.11,Medium
652.94,31.24,75.75,4.56,Medium
614.24,35.47,93.35,1.75,Medium
706.67,36.94,78.6,2.91,Medium
780.6,38.35,63.6,2.47,High
651.17,32.24,65.12,2.93,Medium
715.27,34.13,87.1,3.84,Medium
495.34,35.57,65.71,0.9,Low
709.15,31.17,62.19,4.48,Medium
561.52,29.91,71.08,3.73,Medium
634.59,31.58,56.27,3.62,Medium
649.5,33.88,89.13,4.22,Medium
703.49,33.55,79.22,4.61,Medium
537.38,31.77,73.37,1.36,Low
682.95,35.51,76.74,2.61,Medium
610.99,34.55,75.88,2.36,Medium
543.13,30.13,73.59,2.5,Medium
751.25,37.13,74.34,2.98,High
546.87,31.2,84.9,2.05,Medium
774.0,37.5,89.09,3.92,High
630.34,31.28,43.76,3.77,Medium
750.33,37.72,80.0,4.9,High
730.02,37.56,87.44,3.56,High
713.58,37.8,77.29,3.43,Medium
494.24,29.11,80.2,0.65,Low
606.16,33.98,84.39,1.3,Medium
594.8,30.4,83.49,4.49,Medium
899.11,44.82,73.86,4.65,High
719.93,36.37,98.0,2.83,Medium
694.0,31.22,95.08,4.16,Medium
615.12,29.92,75.66,3.11,Medium
504.12,28.94,63.53,2.9,Low
657.21,33.75,69.48,3.83,Medium
713.34,35.72,91.2,2.82,Medium
535.21,30.59,35.0,3.12,Low
617.38,27.6,76.0,4.35,Medium
767.2,37.78,70.42,3.58,High
644.93,27.74,60.23,3.74,Medium
624.16,33.36,81.39,2.5,Medium
549.83,27.81,84.44,2.07,Low
607.69,32.18,81.22,2.52,Medium
662.22,35.12,69.28,2.43,Medium
793.9,39.44,70.31,4.72,High
658.44,28.25,72.49,5.27,Medium
588.26,33.59,64.26,2.11,Medium
555.73,27.1,92.9,4.15,Medium
721.16,35.76,88.4,4.09,High
687.35,37.45,87.56,2.48,Medium
797.26,37.4,98.0,4.36,High
457.78,24.2,52.96,2.61,Low
798.75,41.2,73.16,2.9,High
872.16,44.77,91.13,4.49,High
603.04,31.12,77.78,2.96,Medium
734.83,43.0,70.03,2.54,High
560.35,30.88,63.6,2.57,Medium
539.29,26.22,77.33,3.49,Low
611.07,37.37,47.54,1.46,Medium
622.46,34.87,51.29,3.42,Medium
852.29,41.1,85.01,4.6,High
633.13,30.94,88.96,3.67,Medium
690.85,36.81,71.96,2.5,Medium
609.24,26.85,86.74,3.51,Medium
464.98,27.28,81.21,1.24,Low
810.13,39.72,61.47,5.22,High
644.96,33.8,69.47,1.11,Medium
765.82,39.79,53.94,3.77,High
712.45,37.23,56.48,2.68,Medium
499.42,30.6,63.69,3.22,Low
694.99,31.42,71.21,6.3,Medium
630.03,30.59,81.21,2.96,Medium
828.47,47.16,89.86,2.68,High
650.1,33.87,74.83,3.01,Medium
713.17,34.32,72.57,4.83,Medium
816.12,37.55,75.68,4.07,High
686.17,29.99,70.19,4.49,Medium
890.92,42.78,85.94,4.55,High
596.66,34.34,78.6,1.67,Medium
621.08,29.38,36.86,5.22,Medium
540.42,31.7,74.29,1.68,Low
706.35,34.89,53.72,4.21,Medium
605.66,32.29,66.91,3.5,Medium
795.31,37.76,85.66,2.98,High
683.66,37.06,75.39,2.85,Medium
744.11,35.73,44.01,5.11,High
663.12,34.23,81.35,2.89,Medium
544.39,28.65,67.2,1.88,Low
753.58,36.57,63.38,3.61,High
689.28,34.99,58.91,3.4,Medium
598.97,35.91,73.21,1.86,Medium
900.0,46.8,72.98,4.23,High
706.4,31.65,85.64,3.96,Medium
521.07,31.61,78.61,2.24,Low
681.01,35.04,56.07,3.65,Medium
574.08,29.07,75.13,3.12,Medium
865.44,39.63,76.24,4.95,High
801.26,39.16,76.86,3.19,High
691.26,37.05,62.18,3.49,Medium
630.41,34.93,84.68,3.48,Medium
781.79,42.38,55.69,1.53,High
851.91,40.73,63.31,4.82,High
661.08,36.04,71.75,3.85,Medium
631.21,36.54,72.08,0.75,Medium
485.63,22.0,79.0,4.62,Low
756.52,37.27,68.21,3.95,High
727.24,35.54,68.23,4.81,High
721.11,35.66,63.63,4.37,Medium
701.21,35.25,59.11,3.0,Medium
649.31,33.65,76.15,2.68,Medium
708.03,32.32,72.31,5.28,Medium
815.87,39.54,71.81,3.64,High
579.55,34.43,70.7,1.38,Medium
609.85,36.92,61.48,2.59,Medium
772.84,42.44,52.17,3.23,High
469.24,27.4,53.28,2.25,Low
443.18,27.82,57.75,1.36,Low
830.27,35.54,78.67,5.45,High
873.95,43.41,78.46,2.68,High
771.15,39.07,94.24,4.18,High
771.02,33.28,86.82,3.84,High
646.38,30.41,54.23,4.0,Medium
654.46,35.07,60.94,1.78,Medium
587.11,27.93,46.32,3.97,Medium
589.71,36.37,59.23,1.56,Medium
504.72,26.99,57.14,2.9,Low
756.47,39.95,83.95,3.45,High
507.37,25.11,76.2,4.23,Low
676.61,34.92,73.63,3.48,Medium
824.2,36.85,85.73,4.51,High
622.6,34.77,79.18,3.22,Medium
847.06,41.48,68.72,4.67,High
671.84,32.07,67.98,3.73,Medium
725.98,38.25,82.9,2.27,Medium
495.95,26.03,58.39,2.37,Low
817.16,41.01,80.3,3.18,High
749.82,36.41,51.58,4.78,High
809.29,39.42,73.59,4.03,High
453.62,25.48,78.38,2.7,Low
597.64,31.63,72.44,2.17,Medium
618.25,30.26,84.06,3.51,Medium
520.95,26.76,65.95,2.18,Low
636.18,30.48,61.04,4.14,Medium
555.56,27.2,51.58,2.72,Low
664.44,35.17,76.7,2.86,Medium
701.46,32.2,77.51,4.8,Medium
646.39,31.48,76.27,4.03,Medium
737.42,34.37,77.51,4.28,High
661.24,34.03,87.41,2.57,Medium
711.96,36.8,73.07,2.64,Medium
757.27,37.54,72.57,2.96,High
663.81,36.36,50.99,2.59,Medium
822.21,41.89,78.51,4.07,High
709.49,34.41,98.0,2.92,Medium
815.98,42.35,90.36,2.95,High
773.54,35.4,64.95,5.33,High
594.72,29.12,63.5,2.66,Medium
688.09,35.11,75.47,3.11,Medium
741.07,34.97,65.86,4.69,High
900.0,41.97,96.35,3.67,High
651.27,33.83,89.03,3.16,Medium
674.93,31.12,93.32,3.92,Medium
672.6,35.71,88.92,2.94,Medium
696.55,38.2,80.53,1.63,Medium
526.03,29.85,91.21,1.68,Low
532.1,26.85,60.25,3.57,Low
619.08,39.33,59.17,0.98,Medium
722.49,33.84,87.26,4.79,High
610.52,28.81,98.0,2.88,Medium
673.92,34.3,83.31,3.25,Medium
784.99,39.8,65.83,2.92,High
538.55,34.23,70.85,0.93,Low
900.0,44.05,66.66,4.61,High
504.22,27.78,93.12,0.66,Low
536.22,23.63,67.23,3.87,Low
825.04,38.8,51.02,3.78,High
810.82,36.13,54.06,4.66,High
666.85,28.39,64.87,4.9,Medium
740.17,30.74,98.0,4.23,Medium
713.84,39.4,53.05,2.8,Medium
600.16,28.45,87.82,3.6,Medium
572.71,32.45,68.03,2.49,Medium
687.72,32.85,87.44,3.22,Medium
761.78,37.56,89.27,4.14,High
783.56,40.03,79.29,2.87,High
887.44,42.48,59.33,5.0,High
611.91,35.61,52.77,1.16,Medium
628.75,36.22,62.83,0.5,Medium
556.71,36.59,59.94,0.5,Medium
730.45,33.37,88.65,4.0,Medium
648.36,33.21,63.63,3.43,Medium
800.45,41.93,81.21,4.57,High
712.38,38.36,63.3,2.79,Medium
647.69,30.2,81.65,3.24,Medium
602.17,31.64,69.59,2.45,Medium
884.57,41.22,63.5,4.95,High
802.33,39.16,68.51,5.31,High
494.1,26.42,70.26,2.3,Low
565.04,26.96,84.15,2.21,Low
531.54,31.56,66.11,2.25,Low
575.58,27.52,58.12,3.66,Medium
737.65,38.39,78.71,3.31,High
855.29,41.83,86.31,5.01,High
701.82,34.23,77.82,4.06,Medium
801.72,35.12,86.93,4.87,High
579.58,31.15,63.28,2.61,Medium
567.74,31.69,52.32,2.05,Medium
571.01,32.64,77.57,2.3,Medium
716.93,35.45,88.45,2.52,Medium
542.64,31.56,83.88,0.5,Low
710.1,36.28,98.0,2.93,Medium
775.3,37.85,87.14,4.35,High
702.59,39.27,62.22,2.22,Medium
579.2,31.49,77.59,1.8,Medium
744.46,36.52,64.44,5.47,High
819.21,38.62,78.68,3.92,High
761.61,37.28,67.78,3.84,High
619.6,30.18,67.16,4.26,Medium
723.43,27.9,92.46,6.37,Medium
720.23,38.18,71.64,2.38,Medium
610.42,29.55,81.87,4.34,Medium
876.58,46.87,76.4,2.44,High
778.6,38.1,79.1,3.36,High
717.39,36.36,68.75,2.93,Medium
823.33,46.28,60.74,2.24,High
841.89,43.23,80.08,3.57,High
474.2,25.49,68.06,2.19,Low
576.57,26.68,70.95,3.11,Medium
702.0,32.37,83.49,3.49,Medium
598.28,30.04,67.07,3.32,Medium
625.86,30.88,72.91,3.25,Medium
829.63,38.15,78.06,6.21,High
611.18,32.2,79.63,2.03,Medium
900.0,43.82,70.2,3.29,High
789.02,35.27,61.25,3.65,High
702.64,36.95,65.84,2.76,Medium
751.69,36.58,62.87,4.91,High
495.11,27.4,98.0,1.48,Low
571.68,28.59,74.77,3.16,Medium
783.37,40.77,59.37,2.05,High
649.89,33.83,98.0,3.16,Medium
586.08,30.81,84.6,2.5,Medium
628.04,32.82,75.63,3.12,Medium
582.21,32.83,81.08,1.02,Medium
611.18,30.87,73.6,2.61,Medium
568.22,32.7,70.96,2.23,Medium
736.08,33.67,97.46,4.33,High
686.38,35.4,83.48,2.97,Medium
889.87,42.33,84.35,4.99,High
667.06,36.89,59.02,1.62,Medium
683.31,33.08,86.12,3.2,Medium
793.79,36.45,76.22,4.04,High
598.41,34.03,83.91,1.41,Medium
574.28,31.83,48.56,3.09,Medium
809.92,35.74,82.5,4.74,High
638.54,32.9,54.36,3.14,Medium
518.23,28.66,53.52,1.71,Low
519.2,27.01,61.36,2.82,Low
734.53,39.29,51.51,3.19,High
709.82,33.93,77.19,3.75,Medium
736.8,37.1,63.0,3.75,High
628.03,32.93,69.29,3.02,Medium
795.13,35.79,73.63,5.28,High
567.06,29.4,68.83,2.79,Medium
778.62,35.88,73.56,4.62,High
807.91,46.63,84.54,0.63,High
548.77,30.35,64.75,2.41,Low
611.84,38.41,88.41,0.99,Medium
682.53,37.16,63.91,3.0,Medium
856.52,44.95,64.13,2.72,High
630.98,35.4,57.66,2.51,Medium
763.66,39.9,91.87,3.65,High
507.15,26.96,93.0,2.04,Low
632.23,36.46,63.19,2.13,Medium
794.21,36.39,77.68,3.15,High
631.61,29.62,85.31,4.11,Medium
704.15,38.07,79.77,1.78,Medium
595.97,28.47,86.93,3.65,Medium
565.83,22.49,64.07,5.92,Medium
612.92,33.73,84.81,1.58,Medium
713.4,34.5,71.17,4.02,Medium
717.74,31.74,86.61,4.65,Medium
556.51,25.65,87.87,3.4,Medium
829.53,38.92,71.57,5.75,High
667.28,34.98,78.77,2.59,Medium
697.17,38.06,67.29,3.51,Medium
869.0,41.23,92.96,5.2,High
550.45,25.38,94.57,4.15,Medium
767.33,43.33,63.05,2.77,High
739.78,37.69,93.89,2.4,High
662.64,34.39,64.66,2.63,Medium
601.33,29.96,95.74,3.5,Medium
677.51,33.64,69.08,2.89,Medium
641.0,33.52,51.17,2.47,Medium
512.37,30.14,63.24,2.7,Low
646.53,35.04,73.5,2.56,Medium
570.33,30.62,78.42,2.44,Medium
609.48,33.92,50.12,3.54,Medium
633.12,32.39,68.07,3.26,Medium
683.6,30.94,74.46,3.64,Medium
660.59,33.72,66.34,3.34,Medium
746.67,34.85,59.84,5.46,High
592.21,30.54,70.71,3.8,Medium
871.03,39.25,78.36,4.45,High
842.7,38.59,82.84,4.94,High
730.33,34.09,65.03,4.36,Medium
760.72,34.18,56.08,4.05,High
722.02,30.04,49.11,4.91,Medium
769.24,42.99,71.66,3.5,High
501.6,26.57,60.41,4.14,Low
762.04,41.74,82.32,1.93,High
711.31,34.65,88.07,3.11,Medium
719.67,36.8,66.42,2.98,Medium
787.5,37.94,98.0,3.48,High
659.44,31.94,76.78,3.81,Medium
512.56,30.11,95.9,2.64,Low
648.12,31.0,78.98,3.4,Medium
676.33,30.48,80.25,5.51,Medium
741.7,36.88,70.43,2.93,Medium
845.89,41.05,73.0,4.17,High
581.53,31.19,94.04,2.34,Medium
785.54,36.02,58.48,5.09,High
610.44,31.96,68.34,2.73,Medium
663.11,31.12,62.21,4.39,Medium
628.08,33.31,84.02,3.03,Medium
678.88,37.54,78.08,2.94,Medium
720.16,29.17,63.85,4.04,Medium
824.67,44.38,62.29,3.3,High
686.65,32.9,67.47,3.2,Medium
583.14,29.31,72.53,3.74,Medium
790.28,38.11,65.72,4.42,High
515.7,26.15,54.84,2.87,Low
625.54,34.24,73.15,1.65,Medium
763.73,37.43,57.66,3.13,High
556.57,31.35,79.35,3.98,Medium
643.6,35.12,71.65,2.58,Medium
795.89,38.84,71.52,3.55,High
650.02,31.18,74.22,2.44,Medium
806.0,34.73,92.78,5.18,High
774.07,40.01,81.58,2.17,High
783.43,35.16,52.7,4.46,High
519.73,30.36,64.05,2.91,Low
784.18,33.43,69.35,3.87,High
394.34,24.43,63.04,2.12,Low
691.19,34.11,54.95,3.68,Medium
614.75,37.78,69.62,1.04,Medium
811.19,43.38,92.3,2.14,High
692.52,34.05,67.89,3.24,Medium
703.57,38.11,90.0,2.27,Medium
654.99,33.75,70.33,3.54,Medium
592.46,32.76,87.46,3.28,Medium
441.21,22.0,69.57,2.77,Low
678.31,34.41,69.26,3.65,Medium
540.35,30.22,74.92,2.57,Medium
789.06,37.93,59.37,3.5,High
537.7,30.75,69.79,1.95,Low
524.6,29.41,75.03,2.14,Low
696.87,38.33,58.81,1.4,Medium
445.19,23.81,72.87,2.05,Low
841.8,42.97,90.14,2.15,High
599.84,38.36,40.48,2.14,Medium
751.19,32.8,65.96,3.74,Medium
614.06,26.43,59.41,3.88,Medium
591.96,35.9,52.44,1.82,Medium
709.62,33.08,74.33,4.73,Medium
642.22,32.75,80.43,4.03,Medium
537.77,28.35,71.69,2.85,Low
746.47,35.35,57.16,3.75,Medium
674.07,35.66,79.07,3.5,Medium
797.46,42.22,61.8,3.55,High
653.03,35.45,71.72,2.03,Medium
524.04,29.84,90.1,2.37,Low
555.88,30.22,78.51,1.88,Medium
790.52,44.61,46.08,1.53,High
638.9,32.87,64.54,3.52,Medium
735.54,38.07,79.25,3.77,High
548.98,28.01,80.75,3.74,Medium
479.37,29.13,39.51,1.92,Low
780.49,35.0,98.0,3.98,High
845.85,39.59,89.87,5.21,High
778.46,38.28,54.66,3.73,High
628.27,34.75,75.89,2.33,Medium
555.88,32.45,51.41,1.16,Low
730.35,40.39,98.0,2.14,High
781.21,41.4,98.0,2.41,High
652.4,31.47,87.48,2.6,Medium
808.01,43.06,79.17,2.97,High
815.99,36.74,86.12,3.81,High
548.84,31.27,70.47,2.17,Medium
549.84,26.25,76.18,3.7,Medium
577.9,31.28,64.1,2.11,Medium
621.58,30.01,69.21,3.73,Medium
710.29,32.83,76.5,4.14,Medium
842.85,41.26,54.17,3.38,High
735.6,35.64,75.1,3.03,Medium
656.38,31.23,88.77,3.77,Medium
700.6,33.94,91.9,2.86,Medium
639.6,32.42,68.17,2.66,Medium
689.36,37.07,93.71,2.32,Medium
614.97,29.45,87.43,4.1,Medium
900.0,46.23,69.65,3.89,High
850.25,41.33,78.8,3.27,High
680.57,31.39,76.56,3.64,Medium
900.0,41.69,78.2,4.62,High
755.37,43.43,79.97,2.16,High
818.31,41.21,86.19,3.6,High
643.39,35.01,70.25,2.59,Medium
690.88,34.37,75.67,2.78,Medium
673.68,32.29,98.0,2.2,Medium
